-- phpMyAdmin SQL Dump
-- version 4.0.10deb1
-- http://www.phpmyadmin.net
--
-- Client: 127.0.0.1
-- Généré le: Jeu 01 Décembre 2016 à 17:07
-- Version du serveur: 5.5.43-0ubuntu0.14.04.1
-- Version de PHP: 5.5.9-1ubuntu4.9

SET SQL_MODE = "NO_AUTO_VALUE_ON_ZERO";
SET time_zone = "+00:00";


/*!40101 SET @OLD_CHARACTER_SET_CLIENT=@@CHARACTER_SET_CLIENT */;
/*!40101 SET @OLD_CHARACTER_SET_RESULTS=@@CHARACTER_SET_RESULTS */;
/*!40101 SET @OLD_COLLATION_CONNECTION=@@COLLATION_CONNECTION */;
/*!40101 SET NAMES utf8 */;

--
-- Base de données: `talentsharer`
--

-- --------------------------------------------------------

--
-- Structure de la table `artist`
--

CREATE TABLE IF NOT EXISTS `artist` (
  `id` int(11) NOT NULL AUTO_INCREMENT,
  `pseudo` varchar(50) DEFAULT NULL COMMENT 'pseudo',
  `statut` varchar(30) DEFAULT NULL COMMENT 'statut',
  `description` varchar(1024) DEFAULT NULL COMMENT 'the description',
  PRIMARY KEY (`id`)
) ENGINE=InnoDB  DEFAULT CHARSET=latin1 AUTO_INCREMENT=101 ;

--
-- Contenu de la table `artist`
--

INSERT INTO `artist` (`id`, `pseudo`, `statut`, `description`) VALUES
(1, 'Jennings', 'Donec Associates', 'luctus et ultrices posuere cubilia Curae; Phasellus ornare. Fusce mollis. Duis sit amet diam eu dolor egestas rhoncus. Proin nisl sem, consequat nec, mollis vitae,'),
(2, 'Crosby', 'Duis Mi Institute', 'et magnis dis parturient montes, nascetur ridiculus mus. Proin vel arcu eu odio tristique pharetra. Quisque ac libero nec ligula consectetuer rhoncus. Nullam velit dui,'),
(3, 'Mcmillan', 'Donec Inc.', 'mauris. Integer sem elit, pharetra ut, pharetra sed, hendrerit a, arcu. Sed et libero. Proin mi. Aliquam gravida mauris ut mi. Duis risus odio, auctor'),
(4, 'Griffin', 'Laoreet Libero Associates', 'tortor, dictum eu, placerat eget, venenatis a, magna. Lorem ipsum dolor sit amet, consectetuer adipiscing elit. Etiam laoreet, libero et tristique pellentesque, tellus sem mollis'),
(5, 'Mccoy', 'Nisl Ltd', 'Nunc mauris sapien, cursus in, hendrerit consectetuer, cursus et, magna. Praesent interdum ligula eu enim. Etiam imperdiet dictum magna. Ut tincidunt orci quis lectus. Nullam'),
(6, 'Hicks', 'Euismod Inc.', 'ultrices iaculis odio. Nam interdum enim non nisi. Aenean eget metus. In nec orci. Donec nibh. Quisque nonummy ipsum non arcu. Vivamus sit amet risus.'),
(7, 'Hatfield', 'Nam Porttitor Industries', 'aliquet nec, imperdiet nec, leo. Morbi neque tellus, imperdiet non, vestibulum nec, euismod in, dolor. Fusce feugiat. Lorem ipsum dolor sit amet, consectetuer adipiscing elit.'),
(8, 'Booker', 'Mauris Magna Limited', 'ullamcorper, velit in aliquet lobortis, nisi nibh lacinia orci, consectetuer euismod est arcu ac orci. Ut semper pretium neque. Morbi quis urna. Nunc quis arcu'),
(9, 'Boyer', 'Eget Metus Company', 'Curabitur dictum. Phasellus in felis. Nulla tempor augue ac ipsum. Phasellus vitae mauris sit amet lorem semper auctor. Mauris vel turpis. Aliquam adipiscing lobortis risus.'),
(10, 'Peck', 'Vitae Nibh Donec Incorporated', 'dolor quam, elementum at, egestas a, scelerisque sed, sapien. Nunc pulvinar arcu et pede. Nunc sed orci lobortis augue scelerisque mollis. Phasellus libero mauris, aliquam'),
(11, 'English', 'Nibh Quisque Limited', 'fames ac turpis egestas. Fusce aliquet magna a neque. Nullam ut nisi a odio semper cursus. Integer mollis. Integer tincidunt aliquam arcu. Aliquam ultrices iaculis'),
(12, 'Lewis', 'Tincidunt Inc.', 'convallis ligula. Donec luctus aliquet odio. Etiam ligula tortor, dictum eu, placerat eget, venenatis a, magna. Lorem ipsum dolor sit amet, consectetuer adipiscing elit. Etiam'),
(13, 'Michael', 'Vitae Orci Foundation', 'diam luctus lobortis. Class aptent taciti sociosqu ad litora torquent per conubia nostra, per inceptos hymenaeos. Mauris ut quam vel sapien imperdiet ornare. In faucibus.'),
(14, 'Jacobson', 'Ut Nulla Cras LLC', 'id risus quis diam luctus lobortis. Class aptent taciti sociosqu ad litora torquent per conubia nostra, per inceptos hymenaeos. Mauris ut quam vel sapien imperdiet'),
(15, 'Acevedo', 'Vestibulum Ante Limited', 'ac mattis semper, dui lectus rutrum urna, nec luctus felis purus ac tellus. Suspendisse sed dolor. Fusce mi lorem, vehicula et, rutrum eu, ultrices sit'),
(16, 'Downs', 'Ut Ltd', 'elit fermentum risus, at fringilla purus mauris a nunc. In at pede. Cras vulputate velit eu sem. Pellentesque ut ipsum ac mi eleifend egestas. Sed'),
(17, 'Dawson', 'Morbi Ltd', 'malesuada id, erat. Etiam vestibulum massa rutrum magna. Cras convallis convallis dolor. Quisque tincidunt pede ac urna. Ut tincidunt vehicula risus. Nulla eget metus eu'),
(18, 'Gallagher', 'Dictum Institute', 'Pellentesque ultricies dignissim lacus. Aliquam rutrum lorem ac risus. Morbi metus. Vivamus euismod urna. Nullam lobortis quam a felis ullamcorper viverra. Maecenas iaculis aliquet diam.'),
(19, 'Brewer', 'Blandit Mattis LLP', 'tortor, dictum eu, placerat eget, venenatis a, magna. Lorem ipsum dolor sit amet, consectetuer adipiscing elit. Etiam laoreet, libero et tristique pellentesque, tellus sem mollis'),
(20, 'Sweet', 'Mauris Morbi Non Foundation', 'amet ultricies sem magna nec quam. Curabitur vel lectus. Cum sociis natoque penatibus et magnis dis parturient montes, nascetur ridiculus mus. Donec dignissim magna a'),
(21, 'Rodriquez', 'Est Mauris Ltd', 'elit, a feugiat tellus lorem eu metus. In lorem. Donec elementum, lorem ut aliquam iaculis, lacus pede sagittis augue, eu tempor erat neque non quam.'),
(22, 'Logan', 'Consectetuer Cursus Et LLC', 'aliquet odio. Etiam ligula tortor, dictum eu, placerat eget, venenatis a, magna. Lorem ipsum dolor sit amet, consectetuer adipiscing elit. Etiam laoreet, libero et tristique'),
(23, 'Cline', 'Fringilla Cursus Company', 'vel quam dignissim pharetra. Nam ac nulla. In tincidunt congue turpis. In condimentum. Donec at arcu. Vestibulum ante ipsum primis in faucibus orci luctus et'),
(24, 'Finley', 'Sed Libero Corporation', 'erat volutpat. Nulla dignissim. Maecenas ornare egestas ligula. Nullam feugiat placerat velit. Quisque varius. Nam porttitor scelerisque neque. Nullam nisl. Maecenas malesuada fringilla est. Mauris'),
(25, 'Hopper', 'Sit Amet Associates', 'Aenean sed pede nec ante blandit viverra. Donec tempus, lorem fringilla ornare placerat, orci lacus vestibulum lorem, sit amet ultricies sem magna nec quam. Curabitur'),
(26, 'Wooten', 'Justo Nec Ante Incorporated', 'tristique ac, eleifend vitae, erat. Vivamus nisi. Mauris nulla. Integer urna. Vivamus molestie dapibus ligula. Aliquam erat volutpat. Nulla dignissim. Maecenas ornare egestas ligula. Nullam'),
(27, 'Pitts', 'Luctus Felis Purus Incorporate', 'urna. Nullam lobortis quam a felis ullamcorper viverra. Maecenas iaculis aliquet diam. Sed diam lorem, auctor quis, tristique ac, eleifend vitae, erat. Vivamus nisi. Mauris'),
(28, 'Bennett', 'Ante Limited', 'Morbi vehicula. Pellentesque tincidunt tempus risus. Donec egestas. Duis ac arcu. Nunc mauris. Morbi non sapien molestie orci tincidunt adipiscing. Mauris molestie pharetra nibh. Aliquam'),
(29, 'Casey', 'Donec LLC', 'natoque penatibus et magnis dis parturient montes, nascetur ridiculus mus. Proin vel nisl. Quisque fringilla euismod enim. Etiam gravida molestie arcu. Sed eu nibh vulputate'),
(30, 'Guzman', 'Sed Libero Consulting', 'parturient montes, nascetur ridiculus mus. Donec dignissim magna a tortor. Nunc commodo auctor velit. Aliquam nisl. Nulla eu neque pellentesque massa lobortis ultrices. Vivamus rhoncus.'),
(31, 'Hill', 'Leo In Lobortis Institute', 'ipsum. Phasellus vitae mauris sit amet lorem semper auctor. Mauris vel turpis. Aliquam adipiscing lobortis risus. In mi pede, nonummy ut, molestie in, tempus eu,'),
(32, 'Guy', 'Erat Sed Nunc Consulting', 'euismod ac, fermentum vel, mauris. Integer sem elit, pharetra ut, pharetra sed, hendrerit a, arcu. Sed et libero. Proin mi. Aliquam gravida mauris ut mi.'),
(33, 'Whitaker', 'Nunc Quisque Ornare Incorporat', 'a, facilisis non, bibendum sed, est. Nunc laoreet lectus quis massa. Mauris vestibulum, neque sed dictum eleifend, nunc risus varius orci, in consequat enim diam'),
(34, 'Chaney', 'Risus Varius Orci Incorporated', 'Curabitur massa. Vestibulum accumsan neque et nunc. Quisque ornare tortor at risus. Nunc ac sem ut dolor dapibus gravida. Aliquam tincidunt, nunc ac mattis ornare,'),
(35, 'Wood', 'Orci Associates', 'nonummy ultricies ornare, elit elit fermentum risus, at fringilla purus mauris a nunc. In at pede. Cras vulputate velit eu sem. Pellentesque ut ipsum ac'),
(36, 'Lopez', 'Sit Amet Institute', 'Integer vitae nibh. Donec est mauris, rhoncus id, mollis nec, cursus a, enim. Suspendisse aliquet, sem ut cursus luctus, ipsum leo elementum sem, vitae aliquam'),
(37, 'Espinoza', 'Ornare Tortor At Corporation', 'scelerisque neque sed sem egestas blandit. Nam nulla magna, malesuada vel, convallis in, cursus et, eros. Proin ultrices. Duis volutpat nunc sit amet metus. Aliquam'),
(38, 'Townsend', 'Quis Accumsan Corporation', 'eu tellus. Phasellus elit pede, malesuada vel, venenatis vel, faucibus id, libero. Donec consectetuer mauris id sapien. Cras dolor dolor, tempus non, lacinia at, iaculis'),
(39, 'Key', 'Eu Incorporated', 'nisi. Mauris nulla. Integer urna. Vivamus molestie dapibus ligula. Aliquam erat volutpat. Nulla dignissim. Maecenas ornare egestas ligula. Nullam feugiat placerat velit. Quisque varius. Nam'),
(40, 'Floyd', 'Erat Eget Ipsum Ltd', 'Cum sociis natoque penatibus et magnis dis parturient montes, nascetur ridiculus mus. Proin vel nisl. Quisque fringilla euismod enim. Etiam gravida molestie arcu. Sed eu'),
(41, 'Middleton', 'Non Justo Consulting', 'arcu. Vestibulum ante ipsum primis in faucibus orci luctus et ultrices posuere cubilia Curae; Donec tincidunt. Donec vitae erat vel pede blandit congue. In scelerisque'),
(42, 'Luna', 'Iaculis Aliquet Ltd', 'tellus justo sit amet nulla. Donec non justo. Proin non massa non ante bibendum ullamcorper. Duis cursus, diam at pretium aliquet, metus urna convallis erat,'),
(43, 'Maynard', 'Lorem Corporation', 'faucibus leo, in lobortis tellus justo sit amet nulla. Donec non justo. Proin non massa non ante bibendum ullamcorper. Duis cursus, diam at pretium aliquet,'),
(44, 'Oconnor', 'Risus Incorporated', 'sagittis placerat. Cras dictum ultricies ligula. Nullam enim. Sed nulla ante, iaculis nec, eleifend non, dapibus rutrum, justo. Praesent luctus. Curabitur egestas nunc sed libero.'),
(45, 'Levy', 'Turpis Non Enim Corporation', 'In tincidunt congue turpis. In condimentum. Donec at arcu. Vestibulum ante ipsum primis in faucibus orci luctus et ultrices posuere cubilia Curae; Donec tincidunt. Donec'),
(46, 'Hutchinson', 'Phasellus In Felis Ltd', 'Nullam lobortis quam a felis ullamcorper viverra. Maecenas iaculis aliquet diam. Sed diam lorem, auctor quis, tristique ac, eleifend vitae, erat. Vivamus nisi. Mauris nulla.'),
(47, 'Bean', 'Nec Corp.', 'non enim commodo hendrerit. Donec porttitor tellus non magna. Nam ligula elit, pretium et, rutrum non, hendrerit id, ante. Nunc mauris sapien, cursus in, hendrerit'),
(48, 'Hurley', 'Est Vitae Associates', 'quis diam luctus lobortis. Class aptent taciti sociosqu ad litora torquent per conubia nostra, per inceptos hymenaeos. Mauris ut quam vel sapien imperdiet ornare. In'),
(49, 'Dawson', 'Purus Limited', 'sit amet ultricies sem magna nec quam. Curabitur vel lectus. Cum sociis natoque penatibus et magnis dis parturient montes, nascetur ridiculus mus. Donec dignissim magna'),
(50, 'Cline', 'Cursus A Enim Institute', 'pretium neque. Morbi quis urna. Nunc quis arcu vel quam dignissim pharetra. Nam ac nulla. In tincidunt congue turpis. In condimentum. Donec at arcu. Vestibulum'),
(51, 'Long', 'Nulla Vulputate Dui PC', 'Sed dictum. Proin eget odio. Aliquam vulputate ullamcorper magna. Sed eu eros. Nam consequat dolor vitae dolor. Donec fringilla. Donec feugiat metus sit amet ante.'),
(52, 'Conner', 'Ridiculus Mus Proin Foundation', 'Etiam imperdiet dictum magna. Ut tincidunt orci quis lectus. Nullam suscipit, est ac facilisis facilisis, magna tellus faucibus leo, in lobortis tellus justo sit amet'),
(53, 'Blair', 'Magnis LLP', 'ultricies ornare, elit elit fermentum risus, at fringilla purus mauris a nunc. In at pede. Cras vulputate velit eu sem. Pellentesque ut ipsum ac mi'),
(54, 'Cannon', 'Pede Blandit Congue Associates', 'lorem vitae odio sagittis semper. Nam tempor diam dictum sapien. Aenean massa. Integer vitae nibh. Donec est mauris, rhoncus id, mollis nec, cursus a, enim.'),
(55, 'Keith', 'Vitae Odio Sagittis LLC', 'ut quam vel sapien imperdiet ornare. In faucibus. Morbi vehicula. Pellentesque tincidunt tempus risus. Donec egestas. Duis ac arcu. Nunc mauris. Morbi non sapien molestie'),
(56, 'Stephenson', 'Torquent Per Conubia Corporati', 'nec, eleifend non, dapibus rutrum, justo. Praesent luctus. Curabitur egestas nunc sed libero. Proin sed turpis nec mauris blandit mattis. Cras eget nisi dictum augue'),
(57, 'Mcconnell', 'Tellus Non Industries', 'mauris sapien, cursus in, hendrerit consectetuer, cursus et, magna. Praesent interdum ligula eu enim. Etiam imperdiet dictum magna. Ut tincidunt orci quis lectus. Nullam suscipit,'),
(58, 'Curtis', 'Tincidunt Consulting', 'justo eu arcu. Morbi sit amet massa. Quisque porttitor eros nec tellus. Nunc lectus pede, ultrices a, auctor non, feugiat nec, diam. Duis mi enim,'),
(59, 'Valdez', 'Phasellus Fermentum Convallis ', 'lacinia mattis. Integer eu lacus. Quisque imperdiet, erat nonummy ultricies ornare, elit elit fermentum risus, at fringilla purus mauris a nunc. In at pede. Cras'),
(60, 'Fulton', 'Dis Parturient Industries', 'ac sem ut dolor dapibus gravida. Aliquam tincidunt, nunc ac mattis ornare, lectus ante dictum mi, ac mattis velit justo nec ante. Maecenas mi felis,'),
(61, 'Dotson', 'Vulputate Ullamcorper Ltd', 'magna sed dui. Fusce aliquam, enim nec tempus scelerisque, lorem ipsum sodales purus, in molestie tortor nibh sit amet orci. Ut sagittis lobortis mauris. Suspendisse'),
(62, 'Giles', 'Eu Eros Industries', 'ipsum primis in faucibus orci luctus et ultrices posuere cubilia Curae; Phasellus ornare. Fusce mollis. Duis sit amet diam eu dolor egestas rhoncus. Proin nisl'),
(63, 'Jennings', 'Nec Industries', 'penatibus et magnis dis parturient montes, nascetur ridiculus mus. Proin vel nisl. Quisque fringilla euismod enim. Etiam gravida molestie arcu. Sed eu nibh vulputate mauris'),
(64, 'Gonzales', 'Accumsan Interdum PC', 'sagittis semper. Nam tempor diam dictum sapien. Aenean massa. Integer vitae nibh. Donec est mauris, rhoncus id, mollis nec, cursus a, enim. Suspendisse aliquet, sem'),
(65, 'Pope', 'Dignissim Pharetra Nam LLP', 'adipiscing lobortis risus. In mi pede, nonummy ut, molestie in, tempus eu, ligula. Aenean euismod mauris eu elit. Nulla facilisi. Sed neque. Sed eget lacus.'),
(66, 'Morris', 'Semper Ltd', 'nec, malesuada ut, sem. Nulla interdum. Curabitur dictum. Phasellus in felis. Nulla tempor augue ac ipsum. Phasellus vitae mauris sit amet lorem semper auctor. Mauris'),
(67, 'Dyer', 'Dolor Nulla Semper Associates', 'et netus et malesuada fames ac turpis egestas. Fusce aliquet magna a neque. Nullam ut nisi a odio semper cursus. Integer mollis. Integer tincidunt aliquam'),
(68, 'Maldonado', 'Donec Corp.', 'pede. Praesent eu dui. Cum sociis natoque penatibus et magnis dis parturient montes, nascetur ridiculus mus. Aenean eget magna. Suspendisse tristique neque venenatis lacus. Etiam'),
(69, 'Hardy', 'Eros LLP', 'ac ipsum. Phasellus vitae mauris sit amet lorem semper auctor. Mauris vel turpis. Aliquam adipiscing lobortis risus. In mi pede, nonummy ut, molestie in, tempus'),
(70, 'Carpenter', 'Sagittis Semper LLC', 'dui. Cras pellentesque. Sed dictum. Proin eget odio. Aliquam vulputate ullamcorper magna. Sed eu eros. Nam consequat dolor vitae dolor. Donec fringilla. Donec feugiat metus'),
(71, 'Goff', 'A LLP', 'Quisque tincidunt pede ac urna. Ut tincidunt vehicula risus. Nulla eget metus eu erat semper rutrum. Fusce dolor quam, elementum at, egestas a, scelerisque sed,'),
(72, 'Mueller', 'Natoque Corporation', 'ligula. Aenean euismod mauris eu elit. Nulla facilisi. Sed neque. Sed eget lacus. Mauris non dui nec urna suscipit nonummy. Fusce fermentum fermentum arcu. Vestibulum'),
(73, 'Chavez', 'At Sem Molestie Consulting', 'mi eleifend egestas. Sed pharetra, felis eget varius ultrices, mauris ipsum porta elit, a feugiat tellus lorem eu metus. In lorem. Donec elementum, lorem ut'),
(74, 'Small', 'Nullam Institute', 'lectus. Cum sociis natoque penatibus et magnis dis parturient montes, nascetur ridiculus mus. Donec dignissim magna a tortor. Nunc commodo auctor velit. Aliquam nisl. Nulla'),
(75, 'Macdonald', 'Lorem Limited', 'eu nulla at sem molestie sodales. Mauris blandit enim consequat purus. Maecenas libero est, congue a, aliquet vel, vulputate eu, odio. Phasellus at augue id'),
(76, 'Holloway', 'Luctus Et Ultrices Industries', 'vestibulum, neque sed dictum eleifend, nunc risus varius orci, in consequat enim diam vel arcu. Curabitur ut odio vel est tempor bibendum. Donec felis orci,'),
(77, 'Knox', 'Ridiculus Mus Proin Institute', 'luctus et ultrices posuere cubilia Curae; Donec tincidunt. Donec vitae erat vel pede blandit congue. In scelerisque scelerisque dui. Suspendisse ac metus vitae velit egestas'),
(78, 'Crawford', 'Hendrerit Consectetuer Cursus ', 'Nunc commodo auctor velit. Aliquam nisl. Nulla eu neque pellentesque massa lobortis ultrices. Vivamus rhoncus. Donec est. Nunc ullamcorper, velit in aliquet lobortis, nisi nibh'),
(79, 'Newton', 'Enim Suspendisse Limited', 'Nullam velit dui, semper et, lacinia vitae, sodales at, velit. Pellentesque ultricies dignissim lacus. Aliquam rutrum lorem ac risus. Morbi metus. Vivamus euismod urna. Nullam'),
(80, 'Griffith', 'Ipsum Nunc Id Consulting', 'Aliquam nisl. Nulla eu neque pellentesque massa lobortis ultrices. Vivamus rhoncus. Donec est. Nunc ullamcorper, velit in aliquet lobortis, nisi nibh lacinia orci, consectetuer euismod'),
(81, 'Daugherty', 'Eu Tellus PC', 'quis lectus. Nullam suscipit, est ac facilisis facilisis, magna tellus faucibus leo, in lobortis tellus justo sit amet nulla. Donec non justo. Proin non massa'),
(82, 'Molina', 'At LLC', 'dapibus id, blandit at, nisi. Cum sociis natoque penatibus et magnis dis parturient montes, nascetur ridiculus mus. Proin vel nisl. Quisque fringilla euismod enim. Etiam'),
(83, 'Chase', 'Sapien Cursus Ltd', 'amet, consectetuer adipiscing elit. Curabitur sed tortor. Integer aliquam adipiscing lacus. Ut nec urna et arcu imperdiet ullamcorper. Duis at lacus. Quisque purus sapien, gravida'),
(84, 'Stone', 'Nec Urna Institute', 'accumsan convallis, ante lectus convallis est, vitae sodales nisi magna sed dui. Fusce aliquam, enim nec tempus scelerisque, lorem ipsum sodales purus, in molestie tortor'),
(85, 'Herring', 'Pretium Et Limited', 'et ultrices posuere cubilia Curae; Phasellus ornare. Fusce mollis. Duis sit amet diam eu dolor egestas rhoncus. Proin nisl sem, consequat nec, mollis vitae, posuere'),
(86, 'Parker', 'Sapien LLC', 'est, vitae sodales nisi magna sed dui. Fusce aliquam, enim nec tempus scelerisque, lorem ipsum sodales purus, in molestie tortor nibh sit amet orci. Ut'),
(87, 'Mccall', 'Euismod Industries', 'Nam consequat dolor vitae dolor. Donec fringilla. Donec feugiat metus sit amet ante. Vivamus non lorem vitae odio sagittis semper. Nam tempor diam dictum sapien.'),
(88, 'Bowen', 'Donec Corp.', 'eu elit. Nulla facilisi. Sed neque. Sed eget lacus. Mauris non dui nec urna suscipit nonummy. Fusce fermentum fermentum arcu. Vestibulum ante ipsum primis in'),
(89, 'Le', 'Sit Limited', 'malesuada vel, venenatis vel, faucibus id, libero. Donec consectetuer mauris id sapien. Cras dolor dolor, tempus non, lacinia at, iaculis quis, pede. Praesent eu dui.'),
(90, 'Albert', 'Sit Amet LLP', 'erat nonummy ultricies ornare, elit elit fermentum risus, at fringilla purus mauris a nunc. In at pede. Cras vulputate velit eu sem. Pellentesque ut ipsum'),
(91, 'Workman', 'Tellus Aenean Inc.', 'dictum ultricies ligula. Nullam enim. Sed nulla ante, iaculis nec, eleifend non, dapibus rutrum, justo. Praesent luctus. Curabitur egestas nunc sed libero. Proin sed turpis'),
(92, 'Russell', 'Donec Luctus Company', 'sit amet nulla. Donec non justo. Proin non massa non ante bibendum ullamcorper. Duis cursus, diam at pretium aliquet, metus urna convallis erat, eget tincidunt'),
(93, 'Gates', 'Ante Maecenas Mi Ltd', 'eget odio. Aliquam vulputate ullamcorper magna. Sed eu eros. Nam consequat dolor vitae dolor. Donec fringilla. Donec feugiat metus sit amet ante. Vivamus non lorem'),
(94, 'Kennedy', 'Curabitur Incorporated', 'eleifend. Cras sed leo. Cras vehicula aliquet libero. Integer in magna. Phasellus dolor elit, pellentesque a, facilisis non, bibendum sed, est. Nunc laoreet lectus quis'),
(95, 'Case', 'Ac Risus Morbi Institute', 'Suspendisse sed dolor. Fusce mi lorem, vehicula et, rutrum eu, ultrices sit amet, risus. Donec nibh enim, gravida sit amet, dapibus id, blandit at, nisi.'),
(96, 'Macdonald', 'Eget Metus In Associates', 'aliquam arcu. Aliquam ultrices iaculis odio. Nam interdum enim non nisi. Aenean eget metus. In nec orci. Donec nibh. Quisque nonummy ipsum non arcu. Vivamus'),
(97, 'Simpson', 'Sed Nunc LLC', 'magna. Nam ligula elit, pretium et, rutrum non, hendrerit id, ante. Nunc mauris sapien, cursus in, hendrerit consectetuer, cursus et, magna. Praesent interdum ligula eu'),
(98, 'Rosa', 'Nam Porttitor Scelerisque Foun', 'Aliquam erat volutpat. Nulla dignissim. Maecenas ornare egestas ligula. Nullam feugiat placerat velit. Quisque varius. Nam porttitor scelerisque neque. Nullam nisl. Maecenas malesuada fringilla est.'),
(99, 'Skinner', 'Tempus LLC', 'lacinia mattis. Integer eu lacus. Quisque imperdiet, erat nonummy ultricies ornare, elit elit fermentum risus, at fringilla purus mauris a nunc. In at pede. Cras'),
(100, 'Foster', 'Sed Pede Incorporated', 'non nisi. Aenean eget metus. In nec orci. Donec nibh. Quisque nonummy ipsum non arcu. Vivamus sit amet risus. Donec egestas. Aliquam nec enim. Nunc');

-- --------------------------------------------------------

--
-- Structure de la table `category`
--

CREATE TABLE IF NOT EXISTS `category` (
  `id` int(11) NOT NULL AUTO_INCREMENT,
  `name` varchar(50) DEFAULT NULL COMMENT 'categoryname',
  `description` varchar(1024) DEFAULT NULL COMMENT 'categorydescription',
  PRIMARY KEY (`id`)
) ENGINE=InnoDB  DEFAULT CHARSET=latin1 AUTO_INCREMENT=14 ;

--
-- Contenu de la table `category`
--

INSERT INTO `category` (`id`, `name`, `description`) VALUES
(1, 'crayon', 'Le crayon est l’outil de dessin le plus simple, tout en offrant une gamme de possibilités très étendue, selon le type de mine, son affûtage, le grain du papier et les techniques possibles, du contour simple aux nuances de dégradés obtenues par hachurage, frottage, estompage. Il peut être facilement effacé à la gomme. Un dessin au crayon (ou crayonné) est presque toujours à la base d’un dessin réalisé ensuite avec des moyens différents, comme l’encre avec une plume ou un pinceau : une fois l’encrage sec, le dessin préliminaire au crayon peut être effacé.'),
(2, 'feutre', 'Les stylos-feutres, marqueurs ou markers, sont déclinés dans de très larges gammes de couleurs et d’épaisseurs de trait. Des gammes professionnelles permettent de créer ses propres nuances à partir d’encres liquides et de solvants divers. Ils ont trouvé une application spécifique dans le layout ou rough utilisé en publicité pour réaliser des simulations de photographies à réaliser ultérieurement. On utilise un papier spécial, sans grain et semi-transparent, qui ne diffuse pas les solvants et permet de travailler par transparence. Les spécialistes ou « roughmen » peuvent atteindre des résultats de qualité picturale.'),
(3, 'fusain', 'Si beaucoup d''artistes depuis la Renaissance ont utilisé le fusain (Léonard de Vinci, Verrocchio, Dürer, Pontormo), peu d''œuvres ont été conservées parmi lesquelles celles de Carrache, Baroche, Reni ou Dominiquin[réf. nécessaire]. Le mot fusain ou fusin, comme instrument de dessin, est attesté en français depuis 17041. Les artistes le désignaient aussi sous le nom de charbon de Garais2. Le fusain est depuis le XIXe siècle l''outil de dessin le plus simple et le plus utilisé dans le dessin d''art, les études, les esquisses, car il est bon marché et permet d''obtenir des noirs très profonds, des tracés précis, fins ou au contraire très larges, selon la façon dont il est utilisé. Les peintres esquissent au fusain sur la toile destinée à recevoir la peinture. L''excès de poudre s''enlève d''un coup de chiffon pour laisser un dessin léger dont la trace disparaitra sous la couleur.'),
(4, 'artwork', 'L''artwork (de l''anglais signifiant littéralement « travail artistique ») est l''ensemble des travaux de création artistique destinés à mettre en valeur un produit de type culturel, tel qu''un album de musique, un jeu vidéo ou encore un film sur support vidéo. Il s''agit principalement du travail d''illustration et de graphisme, de la conception du packaging (définition du style et de la forme de l''emballage, en l''occurrence pochette ou jaquette, ainsi que livret ou guide officiel), de la photographie éventuelle'),
(5, 'design', 'La modélisation tridimensionnelle est l''étape en infographie tridimensionnelle qui consiste à créer, dans un logiciel de modélisation 3D, un objet en trois dimensions, par ajout, soustraction et modifications de ses constituants.'),
(6, 'aquarelle', 'L’aquarelle est une technique picturale fondée sur l''utilisation de pigments finement broyés, agglutinés avec de l''eau gommée. Le faible encombrement du matériel et la possibilité d''une exécution technique rapide la font souvent servir à la réalisation de pochades et d''études, et à la peinture en extérieur.'),
(7, 'pastel', 'Le pastel est un bâtonnet de couleur utilisé en dessin et en peinture. Il est composé de pigments, d''une charge et d''un liant. On distingue les pastels secs (tendres ou durs) des pastels gras (à l''huile ou à la cire). La technique du pastel s''apparente à la fois au dessin et à la peinture. Certains artistes utilisent une technique proche du fusain fondée sur l''utilisation de lignes et l''estompage, d''autres ont une approche picturale en superposant des couches épaisses de couleur. Les possibilités du pastel sont très étendues.'),
(8, 'acrylique', 'La principale qualité de la peinture acrylique est sa docilité : dilution à l''eau (sans excès), miscibilité, mélanges faciles à préparer, facilité d''application, polyvalence de supports, faible odeur. Elle est très solide et indélébile. Elle a la particularité de sécher très vite, en quelques minutes. C''est un avantage lorsqu''il s''agit de travailler plus rapidement les différentes couches, mais peut constituer un inconvénient en empêchant les retouches. Aujourd''hui, on peut trouver des acryliques à séchage ralenti (d''une heure à plusieurs jours).'),
(9, 'nature', 'La représentation du paysage joue un rôle important dans les arts graphiques. Elle peut, entre autres, s''opposer parfois à la représentation des êtres, ou bien peut être utilisée pour les symboliser (peinture religieuse). En peinture, le paysage est un genre aux côtés de la peinture d''histoire, du portrait, de la peinture de genre, de la nature morte et de la peinture figurative.'),
(10, 'portrait', 'Un portrait est une œuvre d''art picturale, graphique photographique ou, anciennement, sculpturale1 dont le but est de représenter, de façon ressemblante, une personne avec sa tenue et ses expressions caractéristiques. On applique plus rarement le terme à la représentation d''un animal, bien que les animaux apparaissent souvent dans des portraits, au titre d''annexes caractéristiques de la personne représentée, comme dans le portrait équestre. Lorsque la personne représentée est l''auteur, on parle d''autoportrait2.'),
(11, 'comics', 'Comics est le terme utilisé aux États-Unis pour désigner la bande dessinée. Il provient du mot signifiant « comique » en anglais car les premières bandes dessinées publiées aux États-Unis étaient humoristiques. Dans le monde francophone, le terme désigne spécifiquement la bande dessinée américaine.'),
(12, 'manga', 'Un manga est une bande dessinée japonaise. Le mot « manga » est parfois utilisé pour désigner, par extension, une bande dessinée non japonaise respectant les codes des productions populaires japonaises ou pour nommer, maladroitement, d''autres produits visuels rappelant certaines de ces bandes dessinées (dessins animés, style graphique, etc.).'),
(13, 'cartoon', 'Le cartoon 1 est un film d''animation souvent décliné en court métrage. Ce mot désigne à l''origine, chacun des dessins composant un film de dessins animés. Et ensuite, par extension, ce mot désigne le film lui-même.');

-- --------------------------------------------------------

--
-- Structure de la table `history`
--

CREATE TABLE IF NOT EXISTS `history` (
  `id` int(11) NOT NULL AUTO_INCREMENT,
  `total_price` float DEFAULT NULL COMMENT 'orderTotalPrice',
  `Nb_Work` int(11) DEFAULT NULL COMMENT 'orderNbWork',
  `date_Payement` date DEFAULT NULL COMMENT 'datePayement',
  `user_id` int(11) NOT NULL COMMENT 'user_id',
  `work_id` int(255) NOT NULL COMMENT 'work_id',
  PRIMARY KEY (`id`),
  KEY `history_FI_1` (`user_id`)
) ENGINE=InnoDB  DEFAULT CHARSET=latin1 AUTO_INCREMENT=20 ;

--
-- Contenu de la table `history`
--

INSERT INTO `history` (`id`, `total_price`, `Nb_Work`, `date_Payement`, `user_id`, `work_id`) VALUES
(14, 312, 1, '2016-01-12', 1, 2147483647),
(15, 1023, 6, '2016-01-14', 1, 2147483647),
(16, 772, 2, '2016-01-14', 3, 2147483647),
(17, 612, 1, '2016-01-14', 4, 2147483647),
(18, 244, 1, '2016-01-16', 5, 2147483647),
(19, 1166, 2, '2016-06-07', 6, 2147483647);

-- --------------------------------------------------------

--
-- Structure de la table `order_work_byid`
--

CREATE TABLE IF NOT EXISTS `order_work_byid` (
  `history_id` int(11) NOT NULL,
  `work_id` int(11) NOT NULL,
  PRIMARY KEY (`history_id`,`work_id`),
  KEY `order_work_byid_FI_2` (`work_id`)
) ENGINE=InnoDB DEFAULT CHARSET=latin1;

-- --------------------------------------------------------

--
-- Structure de la table `user`
--

CREATE TABLE IF NOT EXISTS `user` (
  `id` int(11) NOT NULL AUTO_INCREMENT,
  `name` varchar(255) NOT NULL COMMENT 'name',
  `firstname` varchar(255) NOT NULL COMMENT 'firstname',
  `address` varchar(1024) NOT NULL COMMENT 'address',
  `postal_code` varchar(5) NOT NULL COMMENT 'postalCode',
  `city` varchar(128) NOT NULL COMMENT 'city',
  `civility` varchar(4) NOT NULL COMMENT 'civility',
  `email` varchar(128) NOT NULL COMMENT 'email',
  `password` varchar(32) NOT NULL COMMENT 'Password',
  `date_joined` date NOT NULL COMMENT 'dateJoined',
  `date_update` date NOT NULL COMMENT 'dateUpdate',
  `date_lastlog` date NOT NULL COMMENT 'dateLastLog',
  PRIMARY KEY (`id`)
) ENGINE=InnoDB  DEFAULT CHARSET=latin1 AUTO_INCREMENT=7 ;

--
-- Contenu de la table `user`
--

INSERT INTO `user` (`id`, `name`, `firstname`, `address`, `postal_code`, `city`, `civility`, `email`, `password`, `date_joined`, `date_update`, `date_lastlog`) VALUES
(1, 'Stylo', 'Bic', '2 rue Jules Verne', '67400', 'Illkirch Graffenstaden', 'M.', 'Assassins-Stylix@hotmail.fr', 'd41e98d1eafa6d6011d3a70f1a5b92f0', '2016-01-07', '2016-01-07', '2016-01-07'),
(2, 'Tavernier', 'Mathieu', '17 rue du Neufeld', '67100', 'Strasbourg', 'M.', 'dragweno@gmail.com', '46c5fade198e4c0b1d112981e91af010', '2016-01-09', '2016-01-09', '2016-01-09'),
(3, 'Eschbach', 'Paul', '8 bis Notre dame de Laurette', '88110', 'RAON L ETAPE', 'M.', 'P.Eschbach@gmail.com', 'd41e98d1eafa6d6011d3a70f1a5b92f0', '2016-01-14', '2016-01-14', '2016-01-14'),
(4, 'Mamy', 'jean', '25 rue Stalingrad', '88110', 'RAON L ETAPE', 'Mlle', 'Jean.mamy@gmail.com', 'd41e98d1eafa6d6011d3a70f1a5b92f0', '2016-01-14', '2016-01-14', '2016-01-14'),
(5, 'MAURICE', 'Emmanuel', 'rue du cnam', '66666', 'Strasbourg', 'M.', 'cnam67@cnam67.fr', 'cfe6ec8b2445eb4b5ae041152efb8f7d', '2016-01-16', '2016-01-16', '2016-01-16'),
(6, 'Schuh', 'Anthony', '1 rue des patat', '67000', 'Strasbourg', 'M.', 'a.s@mail.fr', 'd84c3d7ac800c2169c5713f30f15c670', '2016-06-07', '2016-06-07', '2016-06-07');

-- --------------------------------------------------------

--
-- Structure de la table `work`
--

CREATE TABLE IF NOT EXISTS `work` (
  `id` int(11) NOT NULL AUTO_INCREMENT,
  `title` varchar(255) NOT NULL COMMENT 'Titre du livre',
  `description` varchar(2048) DEFAULT NULL COMMENT 'description',
  `height` int(11) NOT NULL COMMENT 'height',
  `width` int(11) NOT NULL COMMENT 'width',
  `price` float NOT NULL COMMENT 'Work price',
  `filename` varchar(100) NOT NULL COMMENT 'filename',
  `filesize` float NOT NULL COMMENT 'filesize',
  `stock` int(11) NOT NULL COMMENT 'stock',
  `rate` float NOT NULL COMMENT 'rate',
  `date_post` date NOT NULL COMMENT 'datepost',
  `artist_id` int(11) NOT NULL COMMENT 'artist_id',
  `category_id` int(11) NOT NULL COMMENT 'category_id',
  PRIMARY KEY (`id`),
  KEY `work_FI_1` (`artist_id`),
  KEY `work_FI_2` (`category_id`)
) ENGINE=InnoDB  DEFAULT CHARSET=latin1 AUTO_INCREMENT=101 ;

--
-- Contenu de la table `work`
--

INSERT INTO `work` (`id`, `title`, `description`, `height`, `width`, `price`, `filename`, `filesize`, `stock`, `rate`, `date_post`, `artist_id`, `category_id`) VALUES
(1, 'a', 'velit justo nec ante. Maecenas mi felis, adipiscing fringilla, porttitor vulputate, posuere vulputate, lacus. Cras interdum. Nunc sollicitudin commodo ipsum. Suspendisse non leo. Vivamus nibh dolor, nonummy ac, feugiat non, lobortis quis, pede. Suspendisse dui. Fusce diam nunc, ullamcorper eu, euismod ac, fermentum vel, mauris. Integer sem elit, pharetra', 69, 96, 753, '1.jpg', 915, 5, 2, '2012-09-07', 14, 6),
(2, 'nec,', 'fermentum convallis ligula. Donec luctus aliquet odio. Etiam ligula tortor, dictum eu, placerat eget, venenatis a, magna. Lorem ipsum dolor sit amet, consectetuer adipiscing elit. Etiam laoreet, libero et tristique pellentesque, tellus sem mollis dui, in sodales elit erat vitae', 67, 215, 203, '2.jpg', 552, 0, 2, '2013-02-27', 73, 12),
(3, 'mus. Aenean eget', 'erat nonummy ultricies ornare, elit elit fermentum risus, at fringilla purus mauris a nunc. In at pede. Cras vulputate velit eu sem. Pellentesque ut ipsum ac mi eleifend egestas. Sed pharetra, felis eget varius ultrices, mauris ipsum porta elit, a feugiat tellus lorem eu metus. In lorem. Donec elementum, lorem', 36, 238, 147, '3.jpg', 671, 6, 3, '2013-01-30', 84, 1),
(4, 'Nullam', 'nisi. Cum sociis natoque penatibus et magnis dis parturient montes, nascetur ridiculus mus. Proin vel nisl. Quisque fringilla euismod enim. Etiam gravida molestie arcu. Sed eu nibh vulputate mauris sagittis placerat. Cras dictum ultricies ligula. Nullam enim. Sed nulla ante, iaculis nec, eleifend non, dapibus rutrum, justo. Praesent luctus. Curabitur egestas nunc sed libero. Proin sed turpis nec', 133, 197, 946, '4.jpg', 536, 5, 3, '2012-10-20', 24, 8),
(5, 'felis eget varius ultrices,', 'mollis. Integer tincidunt aliquam arcu. Aliquam ultrices iaculis odio. Nam interdum enim non nisi. Aenean eget metus. In nec orci. Donec nibh. Quisque nonummy ipsum non arcu. Vivamus sit amet risus. Donec egestas. Aliquam nec enim. Nunc ut erat. Sed nunc est, mollis non, cursus non, egestas a, dui. Cras', 26, 108, 748, '5.jpg', 869, 1, 1, '2015-11-30', 16, 8),
(6, 'lorem, luctus', 'Duis sit amet diam eu dolor egestas rhoncus. Proin nisl sem, consequat nec, mollis vitae, posuere at, velit. Cras lorem lorem, luctus ut, pellentesque eget, dictum placerat, augue. Sed molestie. Sed id risus quis diam luctus lobortis. Class aptent taciti sociosqu', 30, 163, 564, '6.jpg', 479, 3, 2, '2015-06-16', 99, 12),
(7, 'lorem tristique aliquet. Phasellus', 'at risus. Nunc ac sem ut dolor dapibus gravida. Aliquam tincidunt, nunc ac mattis ornare, lectus ante dictum mi, ac mattis velit justo nec ante. Maecenas mi felis, adipiscing fringilla, porttitor vulputate, posuere vulputate, lacus. Cras interdum. Nunc sollicitudin commodo ipsum. Suspendisse', 175, 213, 563, '7.jpg', 843, 0, 3, '2015-08-27', 36, 7),
(8, 'felis purus ac tellus.', 'ullamcorper. Duis at lacus. Quisque purus sapien, gravida non, sollicitudin a, malesuada id, erat. Etiam vestibulum massa rutrum magna. Cras convallis convallis dolor. Quisque tincidunt pede ac urna. Ut tincidunt vehicula risus. Nulla eget metus eu erat semper rutrum. Fusce dolor quam, elementum at, egestas a, scelerisque sed,', 74, 201, 970, '8.jpg', 923, 0, 4, '2014-08-04', 93, 7),
(9, 'cursus. Integer mollis. Integer', 'diam. Sed diam lorem, auctor quis, tristique ac, eleifend vitae, erat. Vivamus nisi. Mauris nulla. Integer urna. Vivamus molestie dapibus ligula. Aliquam erat volutpat. Nulla dignissim. Maecenas ornare egestas ligula. Nullam feugiat placerat velit. Quisque varius. Nam porttitor scelerisque neque.', 42, 262, 419, '9.jpg', 921, 0, 5, '2013-01-01', 9, 12),
(10, 'semper erat,', 'ac, feugiat non, lobortis quis, pede. Suspendisse dui. Fusce diam nunc, ullamcorper eu, euismod ac, fermentum vel, mauris. Integer sem elit, pharetra ut, pharetra sed, hendrerit a, arcu. Sed et libero. Proin mi. Aliquam gravida mauris ut mi. Duis risus odio, auctor vitae, aliquet nec, imperdiet nec, leo. Morbi neque tellus, imperdiet non, vestibulum nec, euismod in, dolor.', 37, 80, 952, '10.jpg', 278, 6, 4, '2013-08-16', 22, 10),
(11, 'id magna et ipsum', 'pretium et, rutrum non, hendrerit id, ante. Nunc mauris sapien, cursus in, hendrerit consectetuer, cursus et, magna. Praesent interdum ligula eu enim. Etiam imperdiet dictum magna. Ut tincidunt orci quis lectus. Nullam suscipit, est ac facilisis facilisis, magna tellus faucibus leo, in lobortis tellus justo sit', 87, 78, 870, '11.jpg', 847, 4, 3, '2015-06-26', 70, 3),
(12, 'mauris. Morbi', 'Aenean euismod mauris eu elit. Nulla facilisi. Sed neque. Sed eget lacus. Mauris non dui nec urna suscipit nonummy. Fusce fermentum fermentum arcu. Vestibulum ante ipsum primis in faucibus orci luctus et ultrices posuere cubilia Curae; Phasellus ornare. Fusce mollis. Duis sit amet diam eu dolor egestas rhoncus. Proin nisl sem, consequat nec,', 48, 51, 320, '12.jpg', 490, 6, 2, '2013-05-23', 89, 2),
(13, 'tincidunt nibh.', 'ut eros non enim commodo hendrerit. Donec porttitor tellus non magna. Nam ligula elit, pretium et, rutrum non, hendrerit id, ante. Nunc mauris sapien, cursus in, hendrerit consectetuer, cursus et, magna. Praesent interdum ligula eu enim. Etiam imperdiet dictum magna. Ut tincidunt orci quis lectus. Nullam suscipit, est ac facilisis facilisis, magna tellus', 44, 85, 503, '13.jpg', 509, 1, 4, '2012-08-02', 77, 10),
(14, 'purus. Duis', 'Curabitur consequat, lectus sit amet luctus vulputate, nisi sem semper erat, in consectetuer ipsum nunc id enim. Curabitur massa. Vestibulum accumsan neque et nunc. Quisque ornare tortor at risus. Nunc ac sem ut dolor dapibus gravida. Aliquam tincidunt, nunc ac mattis ornare, lectus ante dictum mi, ac mattis velit justo nec ante. Maecenas mi felis, adipiscing fringilla,', 20, 60, 345, '14.jpg', 348, 4, 2, '2013-01-26', 14, 5),
(15, 'Nunc', 'est ac mattis semper, dui lectus rutrum urna, nec luctus felis purus ac tellus. Suspendisse sed dolor. Fusce mi lorem, vehicula et, rutrum eu, ultrices sit amet, risus. Donec nibh enim, gravida sit amet, dapibus id, blandit at, nisi. Cum sociis natoque penatibus et magnis dis parturient montes, nascetur ridiculus mus. Proin vel nisl. Quisque fringilla euismod enim. Etiam', 158, 277, 147, '15.jpg', 712, 4, 3, '2012-05-18', 47, 10),
(16, 'nisl', 'in, tempus eu, ligula. Aenean euismod mauris eu elit. Nulla facilisi. Sed neque. Sed eget lacus. Mauris non dui nec urna suscipit nonummy. Fusce fermentum fermentum arcu. Vestibulum ante ipsum primis in faucibus orci luctus et ultrices posuere cubilia Curae; Phasellus ornare. Fusce mollis. Duis sit amet diam eu dolor egestas rhoncus. Proin', 41, 294, 506, '16.jpg', 374, 1, 4, '2014-07-26', 15, 11),
(17, 'enim commodo hendrerit.', 'sagittis lobortis mauris. Suspendisse aliquet molestie tellus. Aenean egestas hendrerit neque. In ornare sagittis felis. Donec tempor, est ac mattis semper, dui lectus rutrum urna, nec luctus felis purus ac tellus. Suspendisse sed dolor. Fusce mi lorem, vehicula et, rutrum eu, ultrices sit amet, risus. Donec nibh enim, gravida sit amet, dapibus', 134, 237, 424, '17.jpg', 338, 6, 1, '2013-01-03', 56, 8),
(18, 'vitae, orci.', 'Proin velit. Sed malesuada augue ut lacus. Nulla tincidunt, neque vitae semper egestas, urna justo faucibus lectus, a sollicitudin orci sem eget massa. Suspendisse eleifend. Cras sed leo. Cras vehicula aliquet libero. Integer in magna. Phasellus dolor elit, pellentesque a, facilisis', 120, 160, 393, '18.jpg', 992, 2, 4, '2012-12-19', 55, 6),
(19, 'urna', 'Ut tincidunt orci quis lectus. Nullam suscipit, est ac facilisis facilisis, magna tellus faucibus leo, in lobortis tellus justo sit amet nulla. Donec non justo. Proin non massa non ante bibendum ullamcorper. Duis cursus, diam at pretium aliquet, metus urna convallis erat, eget tincidunt dui augue eu tellus. Phasellus elit pede, malesuada vel, venenatis vel,', 188, 208, 581, '19.jpg', 494, 2, 2, '2012-09-02', 22, 11),
(20, 'Praesent eu', 'sagittis lobortis mauris. Suspendisse aliquet molestie tellus. Aenean egestas hendrerit neque. In ornare sagittis felis. Donec tempor, est ac mattis semper, dui lectus rutrum urna, nec luctus felis purus ac tellus. Suspendisse sed dolor. Fusce mi lorem, vehicula et, rutrum eu, ultrices sit amet,', 49, 296, 395, '20.jpg', 709, 6, 5, '2012-06-27', 69, 13),
(21, 'amet massa. Quisque porttitor', 'vitae sodales nisi magna sed dui. Fusce aliquam, enim nec tempus scelerisque, lorem ipsum sodales purus, in molestie tortor nibh sit amet orci. Ut sagittis lobortis mauris. Suspendisse aliquet molestie tellus. Aenean egestas hendrerit neque. In ornare sagittis felis. Donec tempor, est ac mattis semper, dui lectus rutrum urna, nec luctus', 125, 108, 941, '21.jpg', 409, 3, 3, '2012-11-04', 38, 7),
(22, 'mauris', 'dolor, tempus non, lacinia at, iaculis quis, pede. Praesent eu dui. Cum sociis natoque penatibus et magnis dis parturient montes, nascetur ridiculus mus. Aenean eget magna. Suspendisse tristique neque venenatis lacus. Etiam bibendum fermentum metus. Aenean sed pede nec ante blandit viverra. Donec tempus, lorem fringilla ornare placerat, orci lacus vestibulum lorem,', 194, 260, 632, '22.jpg', 385, 5, 2, '2012-04-20', 97, 7),
(23, 'morbi tristique senectus et', 'ante dictum cursus. Nunc mauris elit, dictum eu, eleifend nec, malesuada ut, sem. Nulla interdum. Curabitur dictum. Phasellus in felis. Nulla tempor augue ac ipsum. Phasellus vitae mauris sit amet lorem semper auctor. Mauris vel turpis. Aliquam adipiscing lobortis risus. In mi pede, nonummy ut, molestie in,', 140, 199, 207, '23.jpg', 919, 3, 4, '2014-01-17', 71, 2),
(24, 'blandit congue. In', 'ante ipsum primis in faucibus orci luctus et ultrices posuere cubilia Curae; Phasellus ornare. Fusce mollis. Duis sit amet diam eu dolor egestas rhoncus. Proin nisl sem, consequat nec, mollis vitae, posuere at, velit. Cras lorem lorem, luctus ut, pellentesque eget, dictum placerat, augue. Sed molestie. Sed id risus quis diam luctus lobortis. Class aptent taciti sociosqu ad litora torquent', 137, 187, 533, '24.jpg', 402, 5, 3, '2012-11-28', 51, 4),
(25, 'orci, in consequat', 'faucibus id, libero. Donec consectetuer mauris id sapien. Cras dolor dolor, tempus non, lacinia at, iaculis quis, pede. Praesent eu dui. Cum sociis natoque penatibus et magnis dis parturient montes, nascetur ridiculus mus. Aenean eget magna. Suspendisse tristique neque venenatis lacus. Etiam bibendum', 178, 92, 583, '25.jpg', 287, 0, 1, '2015-04-02', 57, 1),
(26, 'ullamcorper,', 'vitae odio sagittis semper. Nam tempor diam dictum sapien. Aenean massa. Integer vitae nibh. Donec est mauris, rhoncus id, mollis nec, cursus a, enim. Suspendisse aliquet, sem ut cursus luctus, ipsum leo elementum sem, vitae aliquam eros turpis non enim. Mauris quis turpis vitae purus gravida sagittis. Duis gravida.', 87, 219, 766, '26.jpg', 618, 2, 4, '2012-09-08', 34, 13),
(27, 'ac', 'orci. Donec nibh. Quisque nonummy ipsum non arcu. Vivamus sit amet risus. Donec egestas. Aliquam nec enim. Nunc ut erat. Sed nunc est, mollis non, cursus non, egestas a, dui. Cras pellentesque. Sed dictum. Proin eget odio. Aliquam vulputate ullamcorper', 79, 251, 932, '27.jpg', 389, 3, 4, '2013-12-04', 4, 3),
(28, 'Suspendisse', 'luctus sit amet, faucibus ut, nulla. Cras eu tellus eu augue porttitor interdum. Sed auctor odio a purus. Duis elementum, dui quis accumsan convallis, ante lectus convallis est, vitae sodales nisi magna sed dui. Fusce aliquam, enim nec tempus scelerisque, lorem ipsum sodales purus, in', 144, 113, 184, '28.jpg', 271, 0, 3, '2014-12-09', 60, 3),
(29, 'erat volutpat.', 'Curae; Phasellus ornare. Fusce mollis. Duis sit amet diam eu dolor egestas rhoncus. Proin nisl sem, consequat nec, mollis vitae, posuere at, velit. Cras lorem lorem, luctus ut, pellentesque eget, dictum placerat, augue. Sed molestie. Sed id risus quis diam luctus lobortis. Class aptent taciti sociosqu ad litora torquent per conubia nostra, per', 125, 286, 840, '29.jpg', 457, 5, 4, '2013-09-09', 96, 13),
(30, 'lorem, vehicula', 'urna justo faucibus lectus, a sollicitudin orci sem eget massa. Suspendisse eleifend. Cras sed leo. Cras vehicula aliquet libero. Integer in magna. Phasellus dolor elit, pellentesque a, facilisis non, bibendum sed, est. Nunc laoreet lectus quis massa. Mauris vestibulum, neque sed dictum eleifend, nunc risus varius', 127, 105, 522, '30.jpg', 734, 0, 3, '2015-07-12', 69, 1),
(31, 'Nunc sed orci', 'natoque penatibus et magnis dis parturient montes, nascetur ridiculus mus. Proin vel nisl. Quisque fringilla euismod enim. Etiam gravida molestie arcu. Sed eu nibh vulputate mauris sagittis placerat. Cras dictum ultricies ligula. Nullam enim. Sed nulla ante, iaculis nec, eleifend non, dapibus rutrum,', 188, 186, 224, '31.jpg', 706, 0, 4, '2013-01-12', 9, 4),
(32, 'luctus', 'Cras sed leo. Cras vehicula aliquet libero. Integer in magna. Phasellus dolor elit, pellentesque a, facilisis non, bibendum sed, est. Nunc laoreet lectus quis massa. Mauris vestibulum, neque sed dictum eleifend, nunc risus varius orci, in consequat enim diam vel arcu.', 166, 54, 127, '32.jpg', 454, 3, 4, '2015-10-16', 79, 5),
(33, 'sapien. Nunc', 'nunc. In at pede. Cras vulputate velit eu sem. Pellentesque ut ipsum ac mi eleifend egestas. Sed pharetra, felis eget varius ultrices, mauris ipsum porta elit, a feugiat tellus lorem eu metus. In lorem. Donec elementum, lorem ut aliquam iaculis, lacus pede sagittis augue, eu tempor erat neque non quam. Pellentesque habitant morbi tristique senectus et netus et malesuada fames', 51, 141, 312, '33.jpg', 782, 5, 1, '2014-04-19', 86, 10),
(34, 'et', 'vitae diam. Proin dolor. Nulla semper tellus id nunc interdum feugiat. Sed nec metus facilisis lorem tristique aliquet. Phasellus fermentum convallis ligula. Donec luctus aliquet odio. Etiam ligula tortor, dictum eu, placerat eget, venenatis a, magna. Lorem ipsum dolor sit amet, consectetuer adipiscing elit. Etiam laoreet, libero et', 135, 85, 683, '34.jpg', 514, 2, 4, '2013-09-17', 67, 7),
(35, 'Cras dolor', 'sed libero. Proin sed turpis nec mauris blandit mattis. Cras eget nisi dictum augue malesuada malesuada. Integer id magna et ipsum cursus vestibulum. Mauris magna. Duis dignissim tempor arcu. Vestibulum ut eros non enim commodo hendrerit. Donec porttitor tellus non magna.', 123, 252, 638, '35.jpg', 219, 1, 4, '2013-09-21', 36, 2),
(36, 'Pellentesque ultricies', 'consectetuer, cursus et, magna. Praesent interdum ligula eu enim. Etiam imperdiet dictum magna. Ut tincidunt orci quis lectus. Nullam suscipit, est ac facilisis facilisis, magna tellus faucibus leo, in lobortis tellus justo sit amet nulla. Donec non justo. Proin non massa non ante bibendum ullamcorper. Duis cursus, diam', 176, 153, 582, '36.jpg', 358, 1, 5, '2013-01-10', 19, 4),
(37, 'in faucibus', 'sodales nisi magna sed dui. Fusce aliquam, enim nec tempus scelerisque, lorem ipsum sodales purus, in molestie tortor nibh sit amet orci. Ut sagittis lobortis mauris. Suspendisse aliquet molestie tellus. Aenean egestas hendrerit neque. In ornare sagittis felis. Donec tempor, est ac mattis semper, dui', 146, 203, 54, '37.jpg', 337, 2, 3, '2015-11-23', 64, 4),
(38, 'magna.', 'sem ut dolor dapibus gravida. Aliquam tincidunt, nunc ac mattis ornare, lectus ante dictum mi, ac mattis velit justo nec ante. Maecenas mi felis, adipiscing fringilla, porttitor vulputate, posuere vulputate, lacus. Cras interdum. Nunc sollicitudin commodo ipsum. Suspendisse non leo. Vivamus nibh dolor, nonummy ac, feugiat non, lobortis quis, pede. Suspendisse dui. Fusce diam nunc, ullamcorper', 154, 160, 111, '38.jpg', 778, 2, 1, '2015-04-24', 59, 7),
(39, 'nec metus facilisis', 'porttitor scelerisque neque. Nullam nisl. Maecenas malesuada fringilla est. Mauris eu turpis. Nulla aliquet. Proin velit. Sed malesuada augue ut lacus. Nulla tincidunt, neque vitae semper egestas, urna justo faucibus lectus, a sollicitudin orci sem eget massa. Suspendisse eleifend. Cras sed leo. Cras vehicula aliquet libero. Integer in magna. Phasellus dolor elit, pellentesque a, facilisis non, bibendum', 116, 267, 373, '39.jpg', 794, 0, 1, '2013-04-04', 36, 12),
(40, 'fringilla ornare', 'leo. Vivamus nibh dolor, nonummy ac, feugiat non, lobortis quis, pede. Suspendisse dui. Fusce diam nunc, ullamcorper eu, euismod ac, fermentum vel, mauris. Integer sem elit, pharetra ut, pharetra sed, hendrerit a, arcu. Sed et libero. Proin mi. Aliquam gravida mauris ut mi. Duis risus odio, auctor vitae, aliquet nec, imperdiet', 128, 135, 999, '40.jpg', 365, 1, 1, '2015-07-08', 35, 13),
(41, 'convallis convallis dolor.', 'et, eros. Proin ultrices. Duis volutpat nunc sit amet metus. Aliquam erat volutpat. Nulla facilisis. Suspendisse commodo tincidunt nibh. Phasellus nulla. Integer vulputate, risus a ultricies adipiscing, enim mi tempor lorem, eget mollis lectus pede et risus. Quisque libero lacus, varius et, euismod et, commodo at, libero. Morbi accumsan laoreet ipsum. Curabitur consequat, lectus sit amet luctus vulputate, nisi', 187, 195, 244, '41.jpg', 479, 5, 4, '2014-11-29', 78, 2),
(42, 'nec, eleifend non, dapibus', 'Praesent eu nulla at sem molestie sodales. Mauris blandit enim consequat purus. Maecenas libero est, congue a, aliquet vel, vulputate eu, odio. Phasellus at augue id ante dictum cursus. Nunc mauris elit, dictum eu, eleifend nec, malesuada ut, sem. Nulla interdum. Curabitur dictum. Phasellus in felis. Nulla tempor augue ac', 86, 122, 450, '42.jpg', 663, 2, 4, '2015-06-04', 34, 8),
(43, 'cursus,', 'sagittis. Nullam vitae diam. Proin dolor. Nulla semper tellus id nunc interdum feugiat. Sed nec metus facilisis lorem tristique aliquet. Phasellus fermentum convallis ligula. Donec luctus aliquet odio. Etiam ligula tortor, dictum eu, placerat eget, venenatis a, magna. Lorem ipsum dolor sit', 176, 75, 179, '43.jpg', 852, 3, 3, '2014-02-26', 27, 5),
(44, 'dictum magna. Ut tincidunt', 'felis. Donec tempor, est ac mattis semper, dui lectus rutrum urna, nec luctus felis purus ac tellus. Suspendisse sed dolor. Fusce mi lorem, vehicula et, rutrum eu, ultrices sit amet, risus. Donec nibh enim, gravida sit amet, dapibus id, blandit at, nisi. Cum sociis natoque penatibus et magnis dis parturient', 86, 152, 258, '44.jpg', 909, 2, 2, '2012-07-18', 98, 3),
(45, 'Mauris', 'mi tempor lorem, eget mollis lectus pede et risus. Quisque libero lacus, varius et, euismod et, commodo at, libero. Morbi accumsan laoreet ipsum. Curabitur consequat, lectus sit amet luctus vulputate, nisi sem semper erat, in consectetuer ipsum nunc id enim. Curabitur massa. Vestibulum accumsan neque et nunc. Quisque ornare tortor at risus. Nunc ac sem ut dolor', 149, 51, 995, '45.jpg', 978, 0, 2, '2012-10-04', 20, 6),
(46, 'non', 'auctor non, feugiat nec, diam. Duis mi enim, condimentum eget, volutpat ornare, facilisis eget, ipsum. Donec sollicitudin adipiscing ligula. Aenean gravida nunc sed pede. Cum sociis natoque penatibus et magnis dis parturient montes, nascetur ridiculus mus. Proin vel arcu eu odio tristique pharetra. Quisque ac libero nec ligula consectetuer rhoncus. Nullam', 180, 164, 384, '46.jpg', 472, 4, 4, '2014-03-22', 89, 4),
(47, 'dictum eleifend, nunc', 'quis diam. Pellentesque habitant morbi tristique senectus et netus et malesuada fames ac turpis egestas. Fusce aliquet magna a neque. Nullam ut nisi a odio semper cursus. Integer mollis. Integer tincidunt aliquam arcu. Aliquam ultrices iaculis odio. Nam interdum enim non nisi. Aenean eget metus. In nec orci. Donec nibh. Quisque', 102, 84, 802, '47.jpg', 624, 0, 1, '2014-03-14', 67, 7),
(48, 'faucibus', 'at, iaculis quis, pede. Praesent eu dui. Cum sociis natoque penatibus et magnis dis parturient montes, nascetur ridiculus mus. Aenean eget magna. Suspendisse tristique neque venenatis lacus. Etiam bibendum fermentum metus. Aenean sed pede nec ante blandit viverra. Donec tempus, lorem fringilla ornare placerat, orci lacus vestibulum lorem, sit amet ultricies sem magna nec quam. Curabitur vel lectus. Cum sociis', 38, 111, 339, '48.jpg', 251, 5, 4, '2013-02-13', 29, 7),
(49, 'pharetra', 'gravida nunc sed pede. Cum sociis natoque penatibus et magnis dis parturient montes, nascetur ridiculus mus. Proin vel arcu eu odio tristique pharetra. Quisque ac libero nec ligula consectetuer rhoncus. Nullam velit dui, semper et, lacinia vitae, sodales at, velit. Pellentesque ultricies', 198, 68, 558, '49.jpg', 936, 5, 2, '2012-08-18', 8, 2),
(50, 'amet orci.', 'quis diam. Pellentesque habitant morbi tristique senectus et netus et malesuada fames ac turpis egestas. Fusce aliquet magna a neque. Nullam ut nisi a odio semper cursus. Integer mollis. Integer tincidunt aliquam arcu. Aliquam ultrices iaculis odio. Nam interdum enim non nisi. Aenean eget metus. In nec orci. Donec nibh. Quisque nonummy ipsum non', 123, 158, 350, '50.jpg', 225, 5, 1, '2013-06-14', 48, 6),
(51, 'mollis nec, cursus a,', 'Nam porttitor scelerisque neque. Nullam nisl. Maecenas malesuada fringilla est. Mauris eu turpis. Nulla aliquet. Proin velit. Sed malesuada augue ut lacus. Nulla tincidunt, neque vitae semper egestas, urna justo faucibus lectus, a sollicitudin orci sem eget massa. Suspendisse eleifend. Cras sed leo. Cras vehicula aliquet libero. Integer in magna. Phasellus dolor elit, pellentesque a, facilisis non, bibendum', 190, 172, 655, '51.jpg', 470, 4, 1, '2014-01-10', 27, 9),
(52, 'libero. Integer in', 'eu tellus. Phasellus elit pede, malesuada vel, venenatis vel, faucibus id, libero. Donec consectetuer mauris id sapien. Cras dolor dolor, tempus non, lacinia at, iaculis quis, pede. Praesent eu dui. Cum sociis natoque penatibus et magnis dis parturient montes, nascetur ridiculus mus. Aenean eget magna. Suspendisse tristique neque venenatis lacus. Etiam bibendum fermentum metus. Aenean sed pede nec ante', 181, 236, 241, '52.jpg', 684, 6, 5, '2014-05-11', 13, 8),
(53, 'fringilla cursus', 'blandit. Nam nulla magna, malesuada vel, convallis in, cursus et, eros. Proin ultrices. Duis volutpat nunc sit amet metus. Aliquam erat volutpat. Nulla facilisis. Suspendisse commodo tincidunt nibh. Phasellus nulla. Integer vulputate, risus a ultricies adipiscing, enim mi tempor lorem, eget mollis lectus pede et risus. Quisque libero lacus,', 30, 131, 370, '53.jpg', 336, 3, 5, '2012-03-27', 76, 12),
(54, 'nec quam.', 'luctus. Curabitur egestas nunc sed libero. Proin sed turpis nec mauris blandit mattis. Cras eget nisi dictum augue malesuada malesuada. Integer id magna et ipsum cursus vestibulum. Mauris magna. Duis dignissim tempor arcu. Vestibulum ut eros non enim commodo hendrerit. Donec porttitor tellus non magna. Nam ligula elit, pretium et, rutrum non, hendrerit id, ante. Nunc mauris sapien, cursus', 167, 152, 386, '54.jpg', 292, 0, 1, '2013-01-03', 6, 9),
(55, 'tortor nibh sit', 'scelerisque, lorem ipsum sodales purus, in molestie tortor nibh sit amet orci. Ut sagittis lobortis mauris. Suspendisse aliquet molestie tellus. Aenean egestas hendrerit neque. In ornare sagittis felis. Donec tempor, est ac mattis semper, dui lectus rutrum urna, nec luctus felis purus ac', 181, 185, 566, '55.jpg', 594, 2, 3, '2014-01-01', 29, 12),
(56, 'quam,', 'Pellentesque habitant morbi tristique senectus et netus et malesuada fames ac turpis egestas. Fusce aliquet magna a neque. Nullam ut nisi a odio semper cursus. Integer mollis. Integer tincidunt aliquam arcu. Aliquam ultrices iaculis odio. Nam interdum enim non nisi. Aenean eget metus. In', 45, 263, 114, '56.jpg', 910, 3, 5, '2014-02-20', 97, 2),
(57, 'sociis natoque penatibus et', 'nunc ac mattis ornare, lectus ante dictum mi, ac mattis velit justo nec ante. Maecenas mi felis, adipiscing fringilla, porttitor vulputate, posuere vulputate, lacus. Cras interdum. Nunc sollicitudin commodo ipsum. Suspendisse non leo. Vivamus nibh dolor, nonummy ac, feugiat non, lobortis quis, pede. Suspendisse dui. Fusce diam nunc, ullamcorper eu, euismod ac, fermentum vel, mauris. Integer sem elit,', 120, 81, 957, '57.jpg', 419, 0, 5, '2013-12-21', 15, 13),
(58, 'lacinia orci, consectetuer', 'vulputate, risus a ultricies adipiscing, enim mi tempor lorem, eget mollis lectus pede et risus. Quisque libero lacus, varius et, euismod et, commodo at, libero. Morbi accumsan laoreet ipsum. Curabitur consequat, lectus sit amet luctus vulputate, nisi sem semper erat, in consectetuer ipsum nunc id enim. Curabitur massa. Vestibulum accumsan neque et nunc. Quisque ornare', 113, 293, 309, '58.jpg', 450, 2, 1, '2014-04-30', 59, 11),
(59, 'enim consequat purus.', 'per inceptos hymenaeos. Mauris ut quam vel sapien imperdiet ornare. In faucibus. Morbi vehicula. Pellentesque tincidunt tempus risus. Donec egestas. Duis ac arcu. Nunc mauris. Morbi non sapien molestie orci tincidunt adipiscing. Mauris molestie pharetra nibh. Aliquam ornare, libero at auctor ullamcorper, nisl arcu iaculis enim, sit amet ornare lectus justo eu arcu. Morbi sit amet massa. Quisque porttitor eros', 118, 132, 493, '59.jpg', 300, 3, 5, '2014-03-22', 51, 5),
(60, 'Aliquam', 'Curabitur sed tortor. Integer aliquam adipiscing lacus. Ut nec urna et arcu imperdiet ullamcorper. Duis at lacus. Quisque purus sapien, gravida non, sollicitudin a, malesuada id, erat. Etiam vestibulum massa rutrum magna. Cras convallis convallis dolor. Quisque tincidunt pede ac urna. Ut tincidunt vehicula risus. Nulla eget metus eu erat semper rutrum.', 184, 173, 859, '60.jpg', 753, 4, 2, '2012-05-30', 9, 3),
(61, 'augue', 'porttitor vulputate, posuere vulputate, lacus. Cras interdum. Nunc sollicitudin commodo ipsum. Suspendisse non leo. Vivamus nibh dolor, nonummy ac, feugiat non, lobortis quis, pede. Suspendisse dui. Fusce diam nunc, ullamcorper eu, euismod ac, fermentum vel, mauris. Integer sem elit, pharetra ut, pharetra sed, hendrerit a, arcu. Sed et libero.', 85, 153, 929, '61.jpg', 772, 2, 4, '2014-04-11', 78, 12),
(62, 'Duis a', 'volutpat nunc sit amet metus. Aliquam erat volutpat. Nulla facilisis. Suspendisse commodo tincidunt nibh. Phasellus nulla. Integer vulputate, risus a ultricies adipiscing, enim mi tempor lorem, eget mollis lectus pede et risus. Quisque libero lacus, varius et, euismod et, commodo at, libero. Morbi accumsan laoreet ipsum. Curabitur consequat, lectus sit amet luctus vulputate, nisi sem semper erat, in consectetuer ipsum', 199, 150, 277, '62.jpg', 680, 0, 2, '2014-09-30', 32, 12),
(63, 'Pellentesque', 'ultrices. Vivamus rhoncus. Donec est. Nunc ullamcorper, velit in aliquet lobortis, nisi nibh lacinia orci, consectetuer euismod est arcu ac orci. Ut semper pretium neque. Morbi quis urna. Nunc quis arcu vel quam dignissim pharetra. Nam ac nulla. In tincidunt congue turpis. In condimentum. Donec at arcu. Vestibulum ante ipsum', 185, 69, 214, '63.jpg', 888, 2, 2, '2013-07-22', 74, 7),
(64, 'tempor arcu. Vestibulum', 'Cras sed leo. Cras vehicula aliquet libero. Integer in magna. Phasellus dolor elit, pellentesque a, facilisis non, bibendum sed, est. Nunc laoreet lectus quis massa. Mauris vestibulum, neque sed dictum eleifend, nunc risus varius orci, in consequat enim diam vel arcu. Curabitur ut odio vel est', 144, 192, 829, '64.jpg', 706, 5, 4, '2015-12-09', 99, 12),
(65, 'eget magna.', 'inceptos hymenaeos. Mauris ut quam vel sapien imperdiet ornare. In faucibus. Morbi vehicula. Pellentesque tincidunt tempus risus. Donec egestas. Duis ac arcu. Nunc mauris. Morbi non sapien molestie orci tincidunt adipiscing. Mauris molestie pharetra nibh. Aliquam ornare, libero at auctor ullamcorper, nisl arcu iaculis enim, sit amet ornare lectus justo eu', 113, 110, 616, '65.jpg', 793, 3, 2, '2015-03-15', 86, 11),
(66, 'id enim. Curabitur massa.', 'malesuada id, erat. Etiam vestibulum massa rutrum magna. Cras convallis convallis dolor. Quisque tincidunt pede ac urna. Ut tincidunt vehicula risus. Nulla eget metus eu erat semper rutrum. Fusce dolor quam, elementum at, egestas a, scelerisque sed, sapien. Nunc pulvinar arcu et pede. Nunc sed orci lobortis augue scelerisque mollis. Phasellus libero mauris,', 197, 75, 791, '66.jpg', 289, 6, 1, '2013-09-01', 38, 12),
(67, 'dictum eleifend,', 'mauris eu elit. Nulla facilisi. Sed neque. Sed eget lacus. Mauris non dui nec urna suscipit nonummy. Fusce fermentum fermentum arcu. Vestibulum ante ipsum primis in faucibus orci luctus et ultrices posuere cubilia Curae; Phasellus ornare. Fusce mollis. Duis sit amet diam', 56, 235, 885, '67.jpg', 749, 0, 4, '2013-12-02', 65, 13),
(68, 'libero', 'faucibus lectus, a sollicitudin orci sem eget massa. Suspendisse eleifend. Cras sed leo. Cras vehicula aliquet libero. Integer in magna. Phasellus dolor elit, pellentesque a, facilisis non, bibendum sed, est. Nunc laoreet lectus quis massa. Mauris vestibulum, neque sed dictum eleifend,', 59, 67, 315, '68.jpg', 635, 2, 1, '2015-12-19', 64, 8),
(69, 'lorem. Donec elementum,', 'montes, nascetur ridiculus mus. Proin vel nisl. Quisque fringilla euismod enim. Etiam gravida molestie arcu. Sed eu nibh vulputate mauris sagittis placerat. Cras dictum ultricies ligula. Nullam enim. Sed nulla ante, iaculis nec, eleifend non, dapibus rutrum, justo. Praesent luctus. Curabitur egestas nunc sed libero. Proin sed turpis nec mauris blandit mattis. Cras eget nisi', 85, 148, 771, '69.jpg', 825, 3, 1, '2014-08-14', 33, 1),
(70, 'Sed id risus quis', 'dignissim magna a tortor. Nunc commodo auctor velit. Aliquam nisl. Nulla eu neque pellentesque massa lobortis ultrices. Vivamus rhoncus. Donec est. Nunc ullamcorper, velit in aliquet lobortis, nisi nibh lacinia orci, consectetuer euismod est arcu ac orci. Ut semper pretium neque. Morbi quis urna. Nunc quis arcu vel quam dignissim pharetra. Nam ac nulla. In tincidunt congue turpis. In condimentum.', 160, 156, 623, '70.jpg', 332, 2, 1, '2014-06-19', 91, 10),
(71, 'eget', 'dictum sapien. Aenean massa. Integer vitae nibh. Donec est mauris, rhoncus id, mollis nec, cursus a, enim. Suspendisse aliquet, sem ut cursus luctus, ipsum leo elementum sem, vitae aliquam eros turpis non enim. Mauris quis turpis vitae purus gravida sagittis. Duis gravida. Praesent', 167, 125, 816, '71.jpg', 236, 3, 4, '2014-10-26', 94, 13),
(72, 'Vestibulum', 'sapien imperdiet ornare. In faucibus. Morbi vehicula. Pellentesque tincidunt tempus risus. Donec egestas. Duis ac arcu. Nunc mauris. Morbi non sapien molestie orci tincidunt adipiscing. Mauris molestie pharetra nibh. Aliquam ornare, libero at auctor ullamcorper, nisl arcu iaculis enim, sit amet', 56, 129, 65, '72.jpg', 850, 5, 4, '2012-06-26', 21, 5),
(73, 'laoreet', 'Mauris non dui nec urna suscipit nonummy. Fusce fermentum fermentum arcu. Vestibulum ante ipsum primis in faucibus orci luctus et ultrices posuere cubilia Curae; Phasellus ornare. Fusce mollis. Duis sit amet diam eu dolor egestas rhoncus. Proin nisl sem, consequat nec, mollis vitae, posuere at, velit. Cras', 27, 181, 167, '73.jpg', 380, 5, 3, '2013-06-03', 61, 12),
(74, 'eget varius ultrices, mauris', 'fames ac turpis egestas. Aliquam fringilla cursus purus. Nullam scelerisque neque sed sem egestas blandit. Nam nulla magna, malesuada vel, convallis in, cursus et, eros. Proin ultrices. Duis volutpat nunc sit amet metus. Aliquam erat volutpat. Nulla facilisis. Suspendisse commodo tincidunt nibh. Phasellus nulla. Integer vulputate, risus a ultricies adipiscing,', 189, 280, 916, '74.jpg', 724, 3, 4, '2013-04-13', 26, 10),
(75, 'Donec', 'a, arcu. Sed et libero. Proin mi. Aliquam gravida mauris ut mi. Duis risus odio, auctor vitae, aliquet nec, imperdiet nec, leo. Morbi neque tellus, imperdiet non, vestibulum nec, euismod in, dolor. Fusce feugiat. Lorem ipsum dolor sit amet, consectetuer adipiscing elit. Aliquam auctor, velit eget laoreet posuere, enim', 162, 127, 975, '75.jpg', 399, 5, 1, '2015-04-29', 69, 10),
(76, 'interdum', 'ipsum. Phasellus vitae mauris sit amet lorem semper auctor. Mauris vel turpis. Aliquam adipiscing lobortis risus. In mi pede, nonummy ut, molestie in, tempus eu, ligula. Aenean euismod mauris eu elit. Nulla facilisi. Sed neque. Sed eget lacus. Mauris non dui nec urna suscipit nonummy. Fusce fermentum fermentum arcu. Vestibulum ante ipsum primis in faucibus', 152, 189, 186, '76.jpg', 895, 3, 3, '2013-01-08', 83, 1),
(77, 'gravida.', 'malesuada fringilla est. Mauris eu turpis. Nulla aliquet. Proin velit. Sed malesuada augue ut lacus. Nulla tincidunt, neque vitae semper egestas, urna justo faucibus lectus, a sollicitudin orci sem eget massa. Suspendisse eleifend. Cras sed leo. Cras vehicula aliquet libero. Integer in magna. Phasellus dolor elit, pellentesque a, facilisis non,', 29, 191, 575, '77.jpg', 813, 6, 1, '2015-11-12', 74, 3),
(78, 'Cras vulputate velit', 'non, lacinia at, iaculis quis, pede. Praesent eu dui. Cum sociis natoque penatibus et magnis dis parturient montes, nascetur ridiculus mus. Aenean eget magna. Suspendisse tristique neque venenatis lacus. Etiam bibendum fermentum metus. Aenean sed pede nec ante blandit viverra. Donec tempus, lorem fringilla ornare placerat, orci lacus vestibulum lorem,', 121, 64, 483, '78.jpg', 492, 5, 3, '2013-12-08', 91, 7),
(79, 'consequat, lectus sit amet', 'hymenaeos. Mauris ut quam vel sapien imperdiet ornare. In faucibus. Morbi vehicula. Pellentesque tincidunt tempus risus. Donec egestas. Duis ac arcu. Nunc mauris. Morbi non sapien molestie orci tincidunt adipiscing. Mauris molestie pharetra nibh. Aliquam ornare, libero at auctor ullamcorper,', 30, 265, 415, '79.jpg', 323, 6, 2, '2014-05-13', 10, 12),
(80, 'in faucibus orci', 'quis massa. Mauris vestibulum, neque sed dictum eleifend, nunc risus varius orci, in consequat enim diam vel arcu. Curabitur ut odio vel est tempor bibendum. Donec felis orci, adipiscing non, luctus sit amet, faucibus ut, nulla. Cras eu tellus eu augue porttitor interdum. Sed auctor odio a purus. Duis elementum, dui quis accumsan convallis,', 126, 59, 929, '80.jpg', 679, 4, 4, '2013-11-04', 1, 13),
(81, 'Curabitur ut odio vel', 'non, hendrerit id, ante. Nunc mauris sapien, cursus in, hendrerit consectetuer, cursus et, magna. Praesent interdum ligula eu enim. Etiam imperdiet dictum magna. Ut tincidunt orci quis lectus. Nullam suscipit, est ac facilisis facilisis, magna tellus faucibus leo, in lobortis tellus justo sit amet nulla. Donec non justo. Proin non massa non ante', 164, 54, 847, '81.jpg', 800, 5, 4, '2013-01-11', 61, 12),
(82, 'volutpat. Nulla dignissim. Maecenas', 'mi enim, condimentum eget, volutpat ornare, facilisis eget, ipsum. Donec sollicitudin adipiscing ligula. Aenean gravida nunc sed pede. Cum sociis natoque penatibus et magnis dis parturient montes, nascetur ridiculus mus. Proin vel arcu eu odio tristique pharetra. Quisque ac libero nec ligula consectetuer rhoncus. Nullam velit dui, semper et,', 156, 70, 671, '82.jpg', 690, 6, 4, '2015-09-19', 72, 7),
(83, 'nec mauris blandit', 'enim diam vel arcu. Curabitur ut odio vel est tempor bibendum. Donec felis orci, adipiscing non, luctus sit amet, faucibus ut, nulla. Cras eu tellus eu augue porttitor interdum. Sed auctor odio a purus. Duis elementum, dui quis accumsan convallis, ante lectus convallis est, vitae sodales nisi magna sed dui. Fusce', 160, 138, 914, '83.jpg', 236, 2, 2, '2014-08-11', 32, 10),
(84, 'Cras convallis', 'erat neque non quam. Pellentesque habitant morbi tristique senectus et netus et malesuada fames ac turpis egestas. Aliquam fringilla cursus purus. Nullam scelerisque neque sed sem egestas blandit. Nam nulla magna, malesuada vel, convallis in, cursus et, eros. Proin ultrices. Duis volutpat nunc sit amet metus. Aliquam erat volutpat. Nulla facilisis. Suspendisse commodo tincidunt nibh.', 48, 88, 979, '84.jpg', 503, 2, 1, '2012-08-21', 14, 12),
(85, 'at fringilla purus', 'et ultrices posuere cubilia Curae; Donec tincidunt. Donec vitae erat vel pede blandit congue. In scelerisque scelerisque dui. Suspendisse ac metus vitae velit egestas lacinia. Sed congue, elit sed consequat auctor, nunc nulla vulputate dui, nec tempus mauris erat eget ipsum. Suspendisse sagittis. Nullam vitae diam. Proin dolor.', 77, 114, 383, '85.jpg', 734, 1, 2, '2012-11-27', 95, 1),
(86, 'Vivamus nibh dolor,', 'eget magna. Suspendisse tristique neque venenatis lacus. Etiam bibendum fermentum metus. Aenean sed pede nec ante blandit viverra. Donec tempus, lorem fringilla ornare placerat, orci lacus vestibulum lorem, sit amet ultricies sem magna nec quam. Curabitur vel lectus. Cum sociis natoque penatibus et magnis dis parturient montes, nascetur ridiculus mus. Donec dignissim magna a tortor. Nunc', 95, 183, 532, '86.jpg', 706, 6, 4, '2012-04-04', 71, 13),
(87, 'mollis', 'mattis. Integer eu lacus. Quisque imperdiet, erat nonummy ultricies ornare, elit elit fermentum risus, at fringilla purus mauris a nunc. In at pede. Cras vulputate velit eu sem. Pellentesque ut ipsum ac mi eleifend egestas. Sed pharetra, felis eget varius ultrices, mauris ipsum', 193, 122, 343, '87.jpg', 436, 0, 3, '2015-05-14', 9, 4),
(88, 'lobortis', 'tortor. Integer aliquam adipiscing lacus. Ut nec urna et arcu imperdiet ullamcorper. Duis at lacus. Quisque purus sapien, gravida non, sollicitudin a, malesuada id, erat. Etiam vestibulum massa rutrum magna. Cras convallis convallis dolor. Quisque tincidunt pede ac urna. Ut tincidunt vehicula risus. Nulla eget metus eu erat semper rutrum. Fusce dolor quam, elementum at,', 95, 95, 448, '88.jpg', 881, 1, 1, '2015-02-24', 95, 4),
(89, 'nulla. Donec non', 'adipiscing ligula. Aenean gravida nunc sed pede. Cum sociis natoque penatibus et magnis dis parturient montes, nascetur ridiculus mus. Proin vel arcu eu odio tristique pharetra. Quisque ac libero nec ligula consectetuer rhoncus. Nullam velit dui, semper et, lacinia vitae, sodales at, velit. Pellentesque ultricies dignissim lacus. Aliquam rutrum lorem ac risus. Morbi metus. Vivamus euismod urna. Nullam lobortis', 186, 80, 612, '89.jpg', 369, 1, 2, '2014-11-07', 64, 6),
(90, 'sed', 'penatibus et magnis dis parturient montes, nascetur ridiculus mus. Proin vel arcu eu odio tristique pharetra. Quisque ac libero nec ligula consectetuer rhoncus. Nullam velit dui, semper et, lacinia vitae, sodales at, velit. Pellentesque ultricies dignissim lacus. Aliquam rutrum lorem ac risus. Morbi metus. Vivamus euismod urna. Nullam lobortis quam a', 43, 128, 385, '90.jpg', 369, 2, 1, '2012-10-06', 79, 7),
(91, 'purus, accumsan interdum', 'ipsum primis in faucibus orci luctus et ultrices posuere cubilia Curae; Donec tincidunt. Donec vitae erat vel pede blandit congue. In scelerisque scelerisque dui. Suspendisse ac metus vitae velit egestas lacinia. Sed congue, elit sed consequat auctor, nunc nulla vulputate dui, nec tempus mauris erat eget ipsum. Suspendisse sagittis. Nullam vitae diam. Proin', 55, 172, 610, '91.jpg', 249, 2, 5, '2015-05-24', 6, 3),
(92, 'fermentum', 'amet massa. Quisque porttitor eros nec tellus. Nunc lectus pede, ultrices a, auctor non, feugiat nec, diam. Duis mi enim, condimentum eget, volutpat ornare, facilisis eget, ipsum. Donec sollicitudin adipiscing ligula. Aenean gravida nunc sed pede. Cum sociis natoque penatibus et magnis dis parturient montes, nascetur ridiculus', 164, 78, 880, '92.jpg', 482, 5, 5, '2012-11-16', 81, 2),
(93, 'mauris.', 'tortor. Nunc commodo auctor velit. Aliquam nisl. Nulla eu neque pellentesque massa lobortis ultrices. Vivamus rhoncus. Donec est. Nunc ullamcorper, velit in aliquet lobortis, nisi nibh lacinia orci, consectetuer euismod est arcu ac orci. Ut semper pretium neque. Morbi quis urna. Nunc quis arcu vel quam dignissim pharetra. Nam ac nulla. In tincidunt', 172, 146, 955, '93.jpg', 320, 2, 3, '2013-04-10', 48, 1),
(94, 'enim.', 'ligula. Nullam feugiat placerat velit. Quisque varius. Nam porttitor scelerisque neque. Nullam nisl. Maecenas malesuada fringilla est. Mauris eu turpis. Nulla aliquet. Proin velit. Sed malesuada augue ut lacus. Nulla tincidunt, neque vitae semper egestas, urna justo faucibus lectus, a sollicitudin orci sem eget massa. Suspendisse eleifend. Cras sed leo. Cras vehicula aliquet libero. Integer', 122, 179, 233, '94.jpg', 861, 2, 2, '2014-03-13', 75, 7),
(95, 'purus ac tellus.', 'sed consequat auctor, nunc nulla vulputate dui, nec tempus mauris erat eget ipsum. Suspendisse sagittis. Nullam vitae diam. Proin dolor. Nulla semper tellus id nunc interdum feugiat. Sed nec metus facilisis lorem tristique aliquet. Phasellus fermentum convallis ligula. Donec luctus aliquet odio. Etiam ligula tortor, dictum eu, placerat eget, venenatis a, magna.', 183, 107, 817, '95.jpg', 426, 2, 4, '2013-06-18', 22, 4),
(96, 'consectetuer adipiscing elit. Curabitur', 'odio semper cursus. Integer mollis. Integer tincidunt aliquam arcu. Aliquam ultrices iaculis odio. Nam interdum enim non nisi. Aenean eget metus. In nec orci. Donec nibh. Quisque nonummy ipsum non arcu. Vivamus sit amet risus. Donec egestas. Aliquam nec enim. Nunc ut erat. Sed nunc est, mollis non, cursus non, egestas a, dui. Cras pellentesque. Sed dictum. Proin eget odio.', 37, 67, 801, '96.jpg', 690, 2, 5, '2013-12-11', 51, 2),
(97, 'libero', 'eu dui. Cum sociis natoque penatibus et magnis dis parturient montes, nascetur ridiculus mus. Aenean eget magna. Suspendisse tristique neque venenatis lacus. Etiam bibendum fermentum metus. Aenean sed pede nec ante blandit viverra. Donec tempus, lorem fringilla ornare placerat, orci lacus vestibulum lorem, sit amet ultricies sem magna nec quam. Curabitur vel lectus.', 64, 237, 575, '97.jpg', 611, 3, 5, '2013-07-25', 15, 7),
(98, 'consequat nec, mollis vitae,', 'at auctor ullamcorper, nisl arcu iaculis enim, sit amet ornare lectus justo eu arcu. Morbi sit amet massa. Quisque porttitor eros nec tellus. Nunc lectus pede, ultrices a, auctor non, feugiat nec, diam. Duis mi enim, condimentum eget, volutpat ornare, facilisis eget, ipsum. Donec sollicitudin', 115, 281, 963, '98.jpg', 539, 3, 5, '2012-04-11', 9, 4),
(99, 'Donec nibh. Quisque', 'consectetuer euismod est arcu ac orci. Ut semper pretium neque. Morbi quis urna. Nunc quis arcu vel quam dignissim pharetra. Nam ac nulla. In tincidunt congue turpis. In condimentum. Donec at arcu. Vestibulum ante ipsum primis in faucibus orci luctus et ultrices posuere cubilia Curae; Donec tincidunt. Donec', 130, 228, 111, '99.jpg', 879, 3, 5, '2013-04-02', 77, 11),
(100, 'rutrum', 'Aenean egestas hendrerit neque. In ornare sagittis felis. Donec tempor, est ac mattis semper, dui lectus rutrum urna, nec luctus felis purus ac tellus. Suspendisse sed dolor. Fusce mi lorem, vehicula et, rutrum eu, ultrices sit amet, risus. Donec nibh', 98, 155, 54, '100.jpg', 920, 5, 4, '2013-03-31', 10, 11);

--
-- Contraintes pour les tables exportées
--

--
-- Contraintes pour la table `history`
--
ALTER TABLE `history`
  ADD CONSTRAINT `history_FK_1` FOREIGN KEY (`user_id`) REFERENCES `user` (`id`);

--
-- Contraintes pour la table `order_work_byid`
--
ALTER TABLE `order_work_byid`
  ADD CONSTRAINT `order_work_byid_FK_1` FOREIGN KEY (`history_id`) REFERENCES `history` (`id`),
  ADD CONSTRAINT `order_work_byid_FK_2` FOREIGN KEY (`work_id`) REFERENCES `work` (`id`);

--
-- Contraintes pour la table `work`
--
ALTER TABLE `work`
  ADD CONSTRAINT `work_FK_1` FOREIGN KEY (`artist_id`) REFERENCES `artist` (`id`),
  ADD CONSTRAINT `work_FK_2` FOREIGN KEY (`category_id`) REFERENCES `category` (`id`);

/*!40101 SET CHARACTER_SET_CLIENT=@OLD_CHARACTER_SET_CLIENT */;
/*!40101 SET CHARACTER_SET_RESULTS=@OLD_CHARACTER_SET_RESULTS */;
/*!40101 SET COLLATION_CONNECTION=@OLD_COLLATION_CONNECTION */;
